RQ,Routing Time,SAP TIME,customer,Order ID,SAP,Order Type,MRP controller,Prodn Supervisor,Priority,Plant,Order quantity (GMEIN),Unit of measure (=GMEIN),Basic start date,Basic finish date,System Status,Material Description,routing time,Class,Class Code,Priority_Num
montage,1900,1900,PST_RWI_AU_SE_336_LV_MR_SIL_08,2001520871,500467023,ZN01,502,3,B,6711,1,PC,2025-11-17,2025-11-28,REL  MSPT PRT  PCNF PRC  GMPS SETC,PA Träger 8B002975 DRX310,1900.0,Very High,4,2
Qs,720,360,PST_RWI_AU_SE_336_LV_MR_SIL_08,2001512514,500489519,ZN01,502,3,B,6711,2,PC,2025-11-17,2025-11-21,REL  MSPT PRT  PCNF PRC  GMPS SETC,"PA G2602001,G0002499,Z21,H.of,1 DRX310_F",720.0,Very High,4,2
magasin,500,500,PST_RWI_AU_SE_336_LV_MR_SIL_08,2001521508,500531597,ZN01,502,3,C,6711,1,PC,2025-11-24,2025-11-28,REL  MSPT PRT  PRC  GMPS SETC,"PA G5622021,G0002616,DA,14,SV DRX310_F",500.0,Very High,4,3
magasin,1000,1000,PST_RWI_AU_SE_336_LV_IR_SIL_10,2001518097,500233457,ZN01,502,3,None,6711,1,PC,2025-11-24,2025-11-28,rel,PA B0006990 Träger DRX310,1000.0,Very High,4,999
magasin,1000,1000,PST_RWI_AU_SE_336_LV_IR_SIL_10,2001518098,500233457,ZN01,502,3,None,6711,1,PC,2025-11-24,2025-11-28,rel,PA B0006990 Träger DRX310,1000.0,Very High,4,999
montage,750,750,DPR CW 46,2001516826,500535001,ZN02,503,3,1,6711,1,PC,2025-11-10,2025-11-14,REL  MSPT PRT  PCNF PRC  CSER GMPS SETC,"PA 8B003044,PT,SV DRX310",750.0,Very High,4,999
montage,480,120,DPR CW48,2001516849,500493464,ZN01,502,3,3,6711,4,PC,2025-11-24,2025-11-28,REL  MSPT PRT  PCNF PRC  GMPS SETC,"PA G1421020,vacuum,SV DRX310_F",480.0,Very High,4,999
montage,424,53,DPR CW48,2001514353,500162790,ZN01,502,3,3,6711,8,PC,2025-11-24,2025-11-28,REL  MSPT PRT  PCNF PRC  GMPS SETC,"PA G0221219,DA DRX310",424.0,High,3,999
montage,400,25,DPR CW48,2001514352,500152586,ZN01,502,3,3,6711,16,PC,2025-11-24,2025-11-28,REL  MSPT PRT  PCNF PRC  GMPS SETC,PA S9100286 3B0955665C/7238109 DRX310,400.0,High,3,999
montage,312,52,DPR CW48,2001516782,500612519,ZN01,502,3,3,6711,6,PC,2025-11-24,2025-11-28,REL  MSPT PRT  PCNF PRC  GMPS SETC,"PA G1021195,G0003571,SV DRX310_F",312.0,Medium,2,999
montage,300,150,DPR,2001515575,500375239,ZN01,502,3,2,6711,2,PC,2025-11-17,2025-11-21,REL  MSPT PRT  PCNF PRC  CSER GMPS SETC,"PA3B0955665C,Sender,DA,Durchfluss DRX390",300.0,Medium,2,999
Montage: 1pc conforme+1 pb CPA,300,150,DPR,2001514349,500432991,ZN01,502,3,2,6711,2,PC,2025-11-17,2025-11-21,REL  MSPT PRT  PCNF PRC  GMPS SETC,"PA G0321228,B0301098,SV,DA,CPA,1 DRX310F",300.0,Medium,2,999
cnc,300,300,PST_RWI_AU_SE_336_LV_IR_SIL_10,2001518101,500535948,ZN01,502,3,None,6711,1,PC,2025-11-24,2025-11-28,CRTD MSPT PRC  SETC,"PA G0721063,DA,SV,2step DRX310_F",300.0,Medium,2,999
Cloture,300,300,SATE,2001520455,500611635,ZN01,502,3,2,6711,1,PC,2025-11-17,2025-11-21,REL  MSPT PRT  PCNF PRC  GMPS MANC SETC,"PA G0003579,G0003480,G0003482 DRX310_F",300.0,Medium,2,999
montage: Pb infra,266,133,DPR CW47,2001513912,500337811,ZN01,502,3,2,6711,2,PC,2025-11-17,2025-11-21,REL  MSPT PRT  PCNF PRC  GMPS SETC,"PA G2322008/009,G0002345,rast.off DRX310",266.0,Medium,2,999
magasin,260,130,DPR cw48,2001520126,500375303,ZN01,502,3,3,6711,2,PC,2025-11-24,2025-11-28,REL  MSPT PRT  PRC  GMPS MANC SETC,"PA 5G0955665,Durchfluss,Sender,DA DRX390",260.0,Medium,2,999
,250,250,PST_RWI_AU_SE_336_LV_IR_SIL_10,2001514737,500540288,ZN01,502,3,None,6711,1,PC,2025-11-24,2025-11-28,CRTD MSPT PRC  CSER SETC,"PA G0221383,DA,CPA,SV,FA DRX310_F",250.0,Medium,2,999
montage,240,60,DPR CW48,2001514354,500207973,ZN01,502,3,3,6711,4,PC,2025-11-24,2025-11-28,REL  MSPT PRT  PCNF PRC  GMPS SETC,"PA G1021114 ,DA DRX310_F",240.0,Medium,2,999
Controle Programme QS,240,240,DPR,2001519282,500405920,ZN01,502,3,None,6711,1,PC,2025-11-17,2025-11-28,CRTD MSPT PRC  SETC,"PA G3622021,G18,G0002436,H.offen DRX310F",240.0,Medium,2,999
,240,120,PST_RWI_AU_SE_336_LV_IR_SIL_10,2001521518,500528204,ZN01,502,3,None,6711,2,PC,2025-11-24,2025-11-28,CRTD MSPT PRC  SETC,"PA G0221659_G0003054,Fliegend DRX310_F",240.0,Medium,2,999
montage: pb vacl,220,110,DPR,2001516830,500349986,ZN01,502,3,2,6711,2,PC,2025-11-17,2025-11-21,REL  MSPT PRT  PCNF PRC  GMPS SETC,"PA Y9908041=G0421330,PT,DA,ANWCPA DRX310",220.0,Medium,2,999
QS,220,220,DPR,2001519289,500465244,ZN01,502,3,2,6711,1,PC,2025-11-17,2025-11-21,REL  MSPT PRT  PCNF PRC  GMPS SETC,"PA G3622023,G3722007,G0003007 DRX310_F",220.0,Medium,2,999
montage,208,52,DPR CW48,2001516784,500612518,ZN01,502,3,3,6711,4,PC,2025-11-24,2025-11-28,REL  MSPT PRT  PCNF PRC  GMPS SETC,"PA G1021167,G0003571,SV DRX310F",208.0,Medium,2,999
lancement,200,200,PST_RWI_AU_SE_336_LV_IR_SIL_10,2001515396,500414889,ZN01,502,3,None,6711,1,PC,2025-11-24,2025-11-28,rel,"PA G0220518,PT,DA,ANW CPA DRX310_F",200.0,Medium,2,999
Qs,180,180,DETJ,2001514920,500526802,ZN01,502,3,2,6711,1,PC,2025-11-17,2025-11-21,REL  MSPT PRT  PCNF PRC  GMPS SETC,"PA G2322008/15,G0003375,Hebel öf DRX310F",180.0,Medium,2,999
500373706 Receiver_Unit_Flowmeter : Montage + 500313792 Insert for Watertube  Tournage,450,150,DPR,2001521552,500375148,ZN01,502,3,None,6711,3,PC,2025-11-24,2025-11-28,CRTD MSPT PRC  CSER MANC SETC,"PA 3B0955665C/7238109,Empf.DA,DRX390",150.0,Low,1,999
magasin,300,150,DPR CW48,2001521492,500375148,ZN01,502,3,3,6711,2,PC,2025-11-24,2025-11-28,REL  MSPT PRT  PRC  CSER GMPS SETC,"PA 3B0955665C/7238109,Empf.DA,DRX390",150.0,Low,1,999
magasin,150,150,DPR CW48,2001521491,500375148,ZN01,502,3,3,6711,1,PC,2025-11-24,2025-11-28,REL  MSPT PRT  PRC  CSER GMPS SETC,"PA 3B0955665C/7238109,Empf.DA,DRX390",150.0,Low,1,999
magasin,150,150,DPR CW48,2001522422,500375148,ZN01,502,3,3,6711,1,PC,2025-11-24,2025-11-28,REL  MSPT PRT  PRC  CSER GMPS SETC,"PA 3B0955665C/7238109,Empf.DA,DRX390",150.0,Low,1,999
lancement,150,150,PST_RWI_AU_SE_336_LV_MR_SIL_08,2001521525,500433008,ZN01,502,3,None,6711,1,PC,2025-11-24,2025-11-28,rel,"PA G0521129,G0001953,SV,DA,CPA,0°DRX310F",150.0,Low,1,999
stock,150,150,DPR,2001516360,500474247,ZN01,502,3,1,6711,1,PC,2025-11-10,2025-11-14,REL  MSPT PRT  PCNF PRC  GMPS MANC SETC,"PA G0621265,G0001983,DA,CPA,SV DRX310_F",150.0,Low,1,999
magasin,86,43,DPR CW48,2001514355,500226998,ZN01,502,3,3,6711,2,PC,2025-11-24,2025-11-28,REL  MSPT PRT  PRC  GMPS SETC,"PA G0421230,DA DRX310",86.0,Low,1,999
magasin,86,43,DPR CW48,2001519669,500556251,ZN01,502,3,3,6711,2,PC,2025-11-24,2025-11-28,REL  MSPT PRT  PRC  GMPS SETC,PA A4812729 DRX310_F,86.0,Low,1,999
Qs,80,80,DPR,2001517055,500582953,ZN01,502,3,2,6711,1,PC,2025-11-17,2025-11-21,REL  MSPT PRT  PCNF PRC  GMPS SETC,"PA G1011077,B0011285 DRX310_F",80.0,Low,1,999
magasin,70,35,DPR CW48,2001519367,500179862,ZN01,502,3,3,6711,2,PC,2025-11-24,2025-11-28,REL  MSPT PRT  PRC  GMPS SETC,PA A4212311 DRX310_F,70.0,Low,1,999
Qs,67,67,METS,2001516290,500576294,ZN02,503,3,1,6711,1,PC,2025-11-10,2025-11-14,REL  MSPT PRT  PCNF PRC  GMPS SETC,"PA G1711012,G0001679 DRX310_F",67.0,Low,1,999
montage /cnc,61,61,DPR cw 47,2001517063,500619539,ZN01,502,3,2,6711,1,PC,2025-11-17,2025-11-21,REL  MSPT PRT  PCNF PRC  GMPS SETC,PA B0204014 DRX310_F,61.0,Low,1,999
cnc,540,60,SATS,2001522703,500558364,ZN01,502,3,None,6711,9,PC,2025-11-24,2025-11-28,CRTD MSPT PRC  SETC,"PA F0332919_1EG035674E,pin get.DRX310_F",60.0,Low,1,999
cnc,420,60,SATS,2001522129,500558363,ZN01,502,3,None,6711,7,PC,2025-11-24,2025-11-28,CRTD MSPT PRC  SETC,"PA F0332797_1EG035674C,pin get.DRX310_F",60.0,Low,1,999
Qs,60,60,DPR,2001513980,500340686,ZN01,502,3,2,6711,1,PC,2025-11-17,2025-11-21,REL  MSPT PRT  PCNF PRC  GMPS SETC,PA F0103082 3C8972563A DRX310 NEU_F,60.0,Low,1,999
magasin,60,60,DPR CW48,2001522122,500558363,ZN01,502,3,3,6711,1,PC,2025-11-24,2025-11-28,REL  MSPT PRT  PRC  GMPS SETC,"PA F0332797_1EG035674C,pin get.DRX310_F",60.0,Low,1,999
cnc,60,60,PST_RWI_AU_SE_336_LV_IR_SIL_10,2001522123,500558363,ZN01,502,3,None,6711,1,PC,2025-11-24,2025-11-28,CRTD MSPT PRC  SETC,"PA F0332797_1EG035674C,pin get.DRX310_F",60.0,Low,1,999
cnc,60,60,DPR,2001522704,500558364,ZN01,502,3,None,6711,1,PC,2025-11-24,2025-11-28,CRTD MSPT PRC  SETC,"PA F0332919_1EG035674E,pin get.DRX310_F",60.0,Low,1,999
lancement,57,57,METS,2001517238,500616209,ZN02,503,3,None,6711,1,PC,2025-11-17,2025-11-28,rel,"PA G1711015,B0018553,FA DRX310_F",57.0,Low,1,999
Qs,57,57,METS CW47,2001517241,500616251,ZN02,503,3,1,6711,1,PC,2025-11-17,2025-11-28,REL  MSPT PRT  PCNF PRC  GMPS SETC,"PA G1711016,B0018553,FA DRX310_F",57.0,Low,1,999
cnc,486,54,SATS,2001522738,500582796,ZN01,503,3,None,6711,9,PC,2025-11-24,2025-11-28,CRTD MSPT PRC  SETC,"PA F0333540_85E035674H,getausch DRX310_F",54.0,Low,1,999
cnc,54,54,DPR,2001522739,500582796,ZN01,502,3,None,6711,1,PC,2025-11-24,2025-11-28,CRTD MSPT PRC  SETC,"PA F0333540_85E035674H,getausch DRX310_F",54.0,Low,1,999
Qs,53,53,DPR,2001516597,500613740,ZN01,502,3,2,6711,1,PC,2025-11-17,2025-11-21,REL  MSPT PRT  PCNF PRC  GMPS SETC,"PA G1621077,SV DRX310_F",53.0,Low,1,999
cnc,44,44,DPR,2001517066,500619540,ZN01,502,3,None,6711,1,PC,2025-11-17,2025-11-28,CRTD MSPT PRC  SETC,PA B0204003 DRX310_F,44.0,Low,1,999
